152264074803223370,d0383606
152264033970959681,d0383606
152264488215001947,f8b8f938
152264489642629378,f8b8f938
152264499486591158,b8b8f938
152264501329653709,b8b8f938
152264504976321158,d030d179
152264517036003370,33b5b19
152264518694613271,d4908487
152264522312983709,a434044b
152264524244963370,34184686
152264525956801750,2434040a
152264529944593045,a424024b
152264545960161750,a424024b
152264569364302266,a49090ca
152264571505103655,2434400a
152264657201511158,2434400a
152264659398262649,2434400a
152264680421105157,2434400a
152264696283579378,2434400a
152264710774425157,2434400a
152264744657233003,2434400a
152264755705630594,2434400a
152264764027777594,2434400a
152264782476293003,2434400a
152264800496407302,2434400a
152264805311153655,2434400a
152264814244429378,2434400a
152264834001830594,2434400a
